N,P,K,temperature,humidity,ph,rainfall
22.5,15.5,41.8,16.59,74.73,6.67,0.0
34.0,15.0,39.0,16.42,76.49,5.76,0.0
29.6,24.5,27.8,15.47,76.83,5.59,0.0
27.0,17.6,36.2,14.68,74.06,6.64,0.0
18.1,12.9,36.5,14.4,72.37,6.01,0.0
18.1,27.5,46.6,14.38,69.89,6.2,0.0
16.2,26.1,38.7,14.53,70.07,6.76,0.0
32.3,26.8,34.5,14.65,67.37,5.59,0.0
27.0,27.9,49.4,15.34,63.8,6.34,0.0
29.2,14.8,27.8,15.47,62.02,5.6,0.0
15.4,18.3,35.6,14.38,66.94,5.99,0.0
34.4,24.1,26.1,15.32,63.38,6.54,0.0
31.6,23.1,43.5,17.12,57.08,6.06,0.0
19.2,14.5,48.0,17.39,66.23,6.8,0.0
18.6,25.1,32.0,15.9,69.01,6.23,0.0
18.7,15.6,46.5,14.05,62.08,5.92,0.0
21.1,15.6,32.3,13.21,52.66,5.79,0.0
25.5,20.6,47.8,14.48,50.29,5.96,0.0
23.6,21.5,43.8,14.21,61.07,5.98,0.0
20.8,21.3,45.1,15.89,57.0,5.59,0.0
27.2,13.5,25.5,17.54,50.46,5.98,0.0
17.8,26.0,49.1,18.71,54.44,6.1,0.0
20.8,16.2,43.2,18.64,65.96,6.44,0.0
22.3,14.1,32.6,19.3,66.8,6.35,0.0
24.1,26.2,45.7,20.39,64.14,6.42,0.0
30.7,27.3,32.0,21.37,63.87,5.51,0.0
19.0,25.8,46.8,20.63,70.34,5.78,0.0
25.3,25.0,27.8,19.51,64.86,6.36,0.0
26.8,22.5,42.6,19.43,59.5,6.13,0.0
15.9,20.8,38.5,20.94,67.78,5.51,0.0
27.2,13.4,27.4,20.28,56.13,6.55,0.0
18.4,18.5,31.0,18.96,58.5,6.5,0.0
16.3,18.0,25.3,17.71,58.39,6.21,0.0
34.0,16.2,36.7,18.12,57.9,5.59,0.0
34.3,23.6,32.5,17.76,55.88,6.5,0.0
31.2,19.9,40.0,18.11,53.76,6.26,0.0
21.1,13.3,32.4,18.9,51.64,6.52,0.0
17.0,15.5,32.5,20.16,46.37,6.48,0.0
28.7,22.9,43.6,21.13,50.38,6.54,0.0
23.8,13.2,26.2,20.5,51.9,6.17,0.04
17.4,25.6,47.6,19.91,49.86,5.68,0.0
24.9,19.9,46.3,20.72,46.53,6.37,0.0
15.7,19.7,41.7,20.47,45.81,6.31,0.0
33.2,21.5,39.8,18.38,35.5,6.46,0.0
20.2,25.2,47.3,20.08,33.83,5.72,0.0
28.3,17.6,29.6,20.12,41.58,5.75,0.0
21.2,22.8,27.0,22.41,45.35,6.66,0.0
25.4,21.1,31.0,22.99,51.35,6.47,0.0
25.9,16.3,44.9,23.18,47.23,6.68,0.0
18.7,26.1,25.9,23.7,47.75,6.49,0.0
34.4,24.8,39.6,24.1,48.95,6.28,0.0
30.5,22.5,49.9,25.07,44.54,6.35,0.07
33.8,25.6,46.4,24.32,48.88,6.66,0.0
32.9,25.9,38.0,23.41,42.3,6.25,0.09
27.0,23.3,26.6,23.64,36.04,6.32,0.05
33.4,25.4,45.8,22.61,47.88,5.7,0.0
16.8,23.2,40.0,23.09,52.57,6.12,0.0
18.9,22.9,27.9,23.35,41.1,6.43,0.0
15.9,21.9,27.3,23.26,41.29,5.85,0.0
21.5,24.0,47.7,23.45,51.28,5.76,0.0
22.8,14.5,41.7,24.65,48.8,5.91,0.0
20.4,26.1,45.7,25.61,37.87,5.81,0.0
31.6,25.9,47.0,25.8,48.85,5.78,0.0
22.1,12.5,39.3,25.94,46.49,6.05,0.0
20.6,25.2,37.9,25.11,37.04,6.68,0.0
25.9,14.1,35.8,25.0,31.76,6.16,0.0
17.8,17.4,32.9,25.4,34.66,5.74,0.0
31.0,23.9,35.9,25.61,37.88,5.6,0.0
16.5,14.6,44.3,25.1,35.64,6.41,0.0
34.7,25.1,40.0,26.59,34.86,6.0,0.0
30.4,25.3,47.3,27.66,34.95,6.57,0.1
19.0,20.1,36.1,27.53,34.48,6.36,0.02
15.1,12.1,40.2,27.08,35.98,6.54,0.01
31.3,16.6,40.8,27.29,35.57,5.85,0.0
29.1,21.9,39.8,26.6,43.97,6.4,1.96
29.6,27.7,42.6,25.6,55.74,5.84,1.24
30.4,22.1,30.9,25.98,56.53,6.72,3.67
16.5,16.2,37.8,23.69,73.0,6.33,21.43
22.2,22.1,27.6,22.93,79.74,5.92,22.84
17.3,20.6,34.6,23.49,70.37,5.85,12.15
32.3,24.5,37.2,23.84,58.61,5.75,1.77
27.5,13.7,41.3,24.14,51.15,6.4,0.0
21.6,24.2,48.8,25.79,49.48,5.78,0.01
16.3,20.7,40.0,26.31,58.87,6.27,0.44
21.2,27.4,43.6,27.6,50.62,5.84,0.07
21.5,17.5,37.7,27.46,45.42,6.36,0.08
29.6,22.1,40.9,27.13,43.14,6.56,0.04
27.8,26.9,26.8,28.01,41.33,6.51,0.23
32.7,13.6,31.4,27.0,58.62,6.49,1.23
24.4,27.0,34.0,25.39,68.99,5.74,6.55
17.4,23.0,36.8,24.24,65.77,5.61,14.26
29.3,13.1,26.1,24.27,69.99,6.41,27.62
30.2,16.8,28.5,26.59,53.94,5.98,0.04
26.2,23.3,31.9,27.94,48.57,6.06,0.02
30.4,13.1,49.3,27.68,44.6,5.54,0.01
24.9,21.3,33.3,26.86,40.5,5.84,0.01
25.5,17.5,37.1,28.53,33.75,5.54,0.0
23.6,21.9,29.9,28.67,38.64,6.64,0.0
15.5,12.7,40.3,28.23,37.2,5.82,0.0
17.2,25.9,32.0,28.12,37.48,6.22,0.0
15.6,27.6,30.2,29.08,29.36,5.55,0.0
27.7,27.5,37.9,29.98,27.61,6.37,0.0
21.3,24.0,25.1,30.24,34.96,5.92,0.0
25.2,14.1,25.2,31.62,37.98,6.67,0.0
33.2,24.1,30.5,32.12,40.31,6.65,0.0
20.0,12.4,25.9,31.31,39.43,5.92,0.0
23.2,12.4,27.7,33.11,30.75,6.67,0.0
30.1,17.2,33.5,33.26,33.79,6.8,0.0
19.6,19.8,45.1,33.22,32.26,6.57,0.0
16.5,24.3,39.3,33.21,38.45,6.6,0.01
20.8,22.9,37.8,32.1,35.9,5.82,0.12
18.2,19.1,32.3,30.61,42.71,6.25,2.07
33.6,16.4,48.3,28.46,48.04,5.59,2.28
31.2,28.0,34.9,28.74,49.45,5.62,0.22
27.7,18.8,27.2,29.74,44.96,6.8,2.43
32.4,19.2,40.4,30.2,47.28,5.92,1.32
31.1,14.6,27.8,31.09,45.27,6.47,1.02
18.7,24.7,33.6,29.55,45.99,6.55,1.68
32.9,23.1,37.7,31.07,47.01,6.62,0.5
25.8,15.5,46.9,28.69,61.98,6.8,12.9
31.1,13.3,37.3,26.59,66.57,5.81,6.27
32.9,22.9,42.6,28.32,56.8,5.55,2.47
21.4,22.5,49.8,30.24,52.66,6.03,0.55
17.2,16.4,28.3,29.43,60.96,5.67,3.37
19.6,27.2,31.9,29.97,55.57,5.53,2.44
23.5,14.4,34.9,30.76,38.42,5.97,0.01
31.4,18.9,35.5,31.85,37.92,6.52,0.0
32.2,27.1,35.3,32.76,31.54,6.24,0.06
15.1,18.7,47.7,32.89,28.97,5.91,0.0
25.2,22.2,42.9,32.73,26.08,6.35,0.0
23.3,18.4,40.2,31.94,36.55,5.8,1.95
19.4,16.4,32.7,30.53,59.91,5.52,10.48
17.4,27.7,45.6,31.99,46.71,6.49,0.04
21.8,18.5,48.9,32.65,43.74,6.31,0.0
33.9,26.3,45.5,31.56,45.75,6.49,0.48
21.5,15.7,25.0,31.89,53.39,5.55,3.84
25.4,15.4,40.9,30.22,70.32,6.59,27.32
29.1,12.5,26.3,29.22,77.74,6.31,25.42
22.3,22.4,31.4,30.26,71.59,6.23,10.85
34.4,17.9,26.5,31.05,64.4,6.31,2.23
34.2,25.8,40.1,30.01,70.44,6.62,9.85
20.0,19.6,42.2,30.39,72.37,6.26,4.63
24.9,27.5,27.9,29.8,77.31,6.26,17.99
21.0,15.0,34.6,28.84,74.27,6.79,9.54
20.7,25.9,36.4,29.31,70.67,6.48,2.15
15.7,24.4,34.2,29.33,72.83,6.07,15.46
27.2,24.3,28.0,29.33,69.58,6.42,7.12
25.1,25.5,35.5,29.48,64.84,6.01,0.73
16.0,24.2,43.8,30.93,59.22,5.8,0.0
20.6,22.0,26.8,32.04,57.35,6.28,0.0
33.2,14.1,27.0,32.94,56.57,6.71,0.0
19.8,12.5,33.9,33.61,47.21,6.71,0.0
17.9,26.7,48.5,33.53,38.16,5.94,0.0
24.8,21.9,41.7,33.49,47.67,6.19,0.0
34.7,24.7,42.0,33.48,54.79,5.78,0.16
19.8,19.7,34.0,32.74,63.12,6.79,2.75
28.4,13.9,39.8,33.71,56.6,6.78,0.26
30.2,14.0,25.3,34.15,56.58,6.34,0.31
19.8,23.0,40.9,33.74,57.87,6.55,4.45
29.6,18.9,47.8,31.67,65.98,6.43,8.94
22.4,15.2,40.3,32.07,61.13,6.27,1.04
27.6,19.9,46.8,32.33,61.27,5.57,6.07
27.7,13.0,43.1,30.66,77.16,6.09,28.65
25.7,21.3,28.0,30.89,75.58,6.38,25.25
16.8,16.3,47.6,31.85,74.46,6.38,33.25
31.7,24.8,26.7,33.32,66.02,5.99,18.81
21.4,17.0,38.3,33.08,69.66,6.72,39.08
18.7,19.3,28.6,32.74,72.49,5.72,3.69
15.8,12.2,25.3,30.66,81.56,6.15,35.28
26.8,13.2,35.6,30.24,82.15,6.4,12.98
28.6,18.3,32.4,29.75,81.81,6.41,11.24
15.3,19.7,37.2,29.64,84.79,6.34,27.56
25.2,21.6,39.4,28.46,88.03,5.86,9.41
19.5,16.7,26.1,29.18,84.3,5.7,5.66
27.9,23.1,28.1,29.71,82.74,6.33,0.79
18.5,25.8,39.0,29.54,81.52,6.28,0.03
28.8,24.5,33.6,29.4,82.29,5.73,0.98
22.7,12.6,43.2,28.66,86.39,6.42,12.85
33.7,19.7,41.3,28.21,87.88,6.09,16.41
17.8,13.7,46.1,27.86,89.9,6.37,38.94
21.8,15.9,42.3,28.4,89.5,6.59,17.48
17.3,27.8,35.7,29.36,85.02,5.72,46.6
33.5,14.3,41.8,29.23,88.7,5.52,33.87
32.5,20.0,31.9,28.43,92.15,6.51,32.73
20.2,21.9,32.7,29.14,87.66,6.29,21.06
28.2,23.2,44.7,29.39,85.92,6.41,14.38
31.3,21.0,36.2,28.91,88.18,6.59,10.02
26.1,12.2,45.0,29.27,86.99,6.54,3.59
25.6,17.2,45.6,29.84,86.03,6.75,8.51
19.8,20.3,46.4,29.78,85.79,6.2,10.88
16.9,13.4,47.9,29.96,86.03,6.14,22.78
32.9,17.6,35.8,29.65,86.46,6.02,13.32
33.0,12.5,33.0,28.69,86.07,5.7,9.94
27.7,13.3,39.6,28.99,87.51,6.24,23.86
21.8,18.4,34.3,29.21,87.21,5.86,25.15
22.0,14.1,40.0,29.36,86.77,6.7,4.9
29.5,21.1,42.6,29.0,88.91,6.26,1.02
32.9,23.0,42.2,29.0,87.88,6.27,2.06
32.7,24.8,34.4,29.42,85.94,5.96,0.32
30.6,15.2,29.2,29.68,86.61,5.57,0.0
27.8,14.7,35.8,29.96,85.52,5.54,0.0
16.7,13.7,28.6,29.02,89.32,6.05,2.8
18.2,22.2,47.3,28.59,89.09,5.61,1.51
33.0,23.3,33.6,29.64,82.82,6.29,0.78
27.1,12.5,28.9,29.82,83.77,6.65,2.25
15.2,27.0,25.6,30.12,81.39,6.65,0.49
17.0,12.8,41.1,29.84,83.44,6.36,1.61
28.3,20.7,40.9,29.75,85.01,5.77,4.58
15.1,23.3,33.5,29.86,84.8,6.62,12.14
18.2,25.9,26.8,29.1,88.53,6.65,13.96
26.0,23.4,35.2,30.16,83.02,5.76,8.74
28.8,24.8,32.8,31.33,77.28,6.46,1.13
28.0,17.4,41.9,30.88,85.94,5.87,3.92
19.5,25.0,40.1,29.68,85.93,6.54,2.93
29.2,13.3,34.1,29.28,87.33,6.8,3.36
19.7,26.3,30.4,29.45,86.24,5.54,16.01
21.5,20.8,49.7,29.03,85.28,6.67,3.76
29.9,25.1,36.4,29.11,87.89,6.31,8.21
28.0,19.2,42.2,28.5,92.32,6.77,39.7
32.0,22.3,28.5,28.52,90.02,6.1,56.93
28.2,20.4,37.1,28.82,89.55,6.6,12.86
26.4,23.7,25.7,29.14,87.06,5.58,1.51
16.9,13.3,37.6,28.51,88.25,5.94,11.81
22.4,13.0,49.1,28.78,90.19,5.59,33.16
20.3,16.0,34.6,28.74,89.07,6.77,21.65
19.9,14.6,26.0,29.2,83.48,6.56,11.83
34.5,25.9,25.8,29.19,84.67,6.61,5.41
22.9,15.5,34.7,29.56,85.95,6.72,2.38
32.8,27.6,29.0,29.97,84.33,5.61,12.85
27.6,17.4,25.6,29.45,86.95,6.0,6.71
30.9,14.9,43.9,29.09,88.4,5.59,1.7
25.1,24.6,36.5,29.39,86.46,5.77,2.1
26.5,22.5,32.2,28.15,87.03,5.8,0.67
24.9,20.0,47.5,28.73,89.59,6.11,12.62
18.9,20.9,27.9,28.33,92.06,5.85,30.93
29.4,23.5,48.9,28.36,91.11,5.63,30.31
20.6,15.7,32.8,27.77,92.82,5.72,44.11
15.5,27.9,47.2,28.02,90.78,5.69,44.68
27.9,27.6,40.1,28.57,90.64,6.76,11.12
18.5,22.4,45.7,28.77,86.78,6.49,3.73
33.8,15.2,49.6,28.92,82.91,6.76,1.27
34.1,22.9,32.2,29.46,81.24,6.07,0.08
33.3,13.2,49.0,29.94,79.98,5.86,0.07
22.4,12.5,34.7,30.1,79.81,6.54,0.67
15.3,16.1,34.6,30.35,80.91,5.92,3.73
33.6,19.4,33.5,30.7,80.79,5.89,4.7
23.6,25.9,38.5,28.38,90.0,5.8,4.64
34.3,23.6,28.9,30.08,81.57,5.67,0.71
34.3,23.9,38.8,29.69,85.2,5.83,3.14
32.1,18.8,38.5,28.26,89.2,5.96,7.96
20.9,17.5,44.0,27.75,93.67,6.38,19.84
22.7,17.9,45.8,28.47,86.54,5.58,6.47
32.0,27.8,36.0,29.22,84.76,5.77,2.25
21.3,12.6,32.6,28.84,86.74,6.55,7.8
18.4,25.9,31.5,29.31,83.14,5.69,8.2
26.1,21.3,29.9,28.66,87.78,5.95,2.31
33.7,19.0,26.4,28.5,89.38,6.62,10.26
28.9,23.6,33.6,28.28,89.54,5.7,13.76
26.4,19.8,31.8,28.86,85.26,5.61,0.04
16.9,26.0,49.2,29.98,78.86,6.13,0.33
27.3,26.4,38.9,29.14,86.62,5.89,13.07
34.8,18.7,33.7,27.26,92.14,6.23,9.6
17.8,16.4,39.5,27.22,92.38,6.54,15.58
25.4,21.5,28.5,27.05,94.38,5.68,31.71
32.5,26.6,36.1,26.78,93.81,6.25,28.61
29.8,15.4,40.7,26.9,94.25,6.16,86.03
28.9,22.0,37.2,26.92,94.55,5.69,106.59
29.0,22.1,35.0,27.31,92.41,6.31,13.21
22.2,23.7,49.8,27.48,89.57,5.86,3.63
20.9,14.1,47.0,28.53,86.55,6.13,2.2
31.2,23.5,40.6,28.69,88.13,5.61,1.2
31.2,26.5,39.2,28.11,91.74,6.1,2.57
32.3,14.9,40.5,27.34,94.49,5.9,8.43
33.3,15.8,30.0,27.4,92.72,6.57,13.11
25.2,27.5,34.9,27.89,91.22,5.57,11.47
25.0,14.9,26.0,27.59,91.19,6.04,13.17
31.0,25.7,36.9,26.48,94.01,6.1,50.39
28.0,19.9,38.6,25.86,94.54,6.44,48.73
29.0,16.0,30.7,26.5,93.61,6.25,12.69
30.9,25.9,49.1,26.56,92.03,6.37,8.37
32.8,19.1,47.7,27.09,87.43,6.51,4.21
21.8,20.2,43.1,27.13,86.49,6.62,6.64
22.5,17.7,38.3,27.74,85.1,5.91,17.15
16.9,21.5,46.7,27.52,85.05,6.2,5.82
26.6,14.6,28.3,26.91,83.76,6.59,6.76
15.7,18.3,44.8,26.72,76.12,6.79,3.23
24.3,27.5,28.1,26.51,74.74,6.66,0.1
25.9,16.1,44.9,26.02,76.38,5.98,0.01
20.7,22.5,31.9,25.52,82.19,5.75,0.0
26.8,17.2,46.9,25.54,82.31,6.14,0.08
15.6,24.4,48.6,25.31,84.7,6.46,0.03
15.7,14.1,28.7,24.62,85.81,6.14,0.0
31.5,27.5,36.6,24.68,80.32,6.13,0.0
22.2,19.3,49.5,24.26,83.41,6.59,0.0
17.5,15.8,37.1,23.94,82.09,5.97,0.0
25.4,13.2,46.6,24.13,82.13,6.62,0.03
30.4,14.7,39.7,24.53,87.76,6.03,0.81
19.3,20.3,34.4,24.33,84.54,5.93,0.09
27.5,17.4,32.1,24.91,79.85,6.09,0.0
16.7,25.3,30.1,23.78,81.14,6.49,0.0
16.0,18.9,44.0,23.05,70.18,5.66,0.0
25.6,16.0,34.7,23.09,76.67,5.76,0.0
25.8,21.9,37.8,23.71,81.86,6.74,0.0
27.7,23.3,37.3,23.65,84.66,5.73,0.0
29.5,14.7,39.4,24.25,78.01,6.24,0.0
34.5,14.7,46.6,24.21,79.53,6.25,0.0
25.3,12.6,49.5,24.47,78.92,6.14,0.0
21.5,23.8,35.2,24.27,80.31,6.34,0.0
30.9,22.6,45.7,23.5,76.0,5.8,0.0
20.4,19.6,44.1,22.73,72.72,6.22,0.0
23.8,25.5,39.3,21.94,77.72,5.98,0.0
16.6,24.9,48.9,20.85,81.06,6.36,0.0
15.5,21.4,30.0,21.51,76.2,5.68,0.0
34.3,25.9,27.7,21.85,79.61,6.24,0.0
31.7,15.3,46.3,22.14,78.52,5.74,0.0
28.9,13.8,36.0,22.37,78.9,5.86,0.0
23.2,16.3,46.2,21.78,82.42,5.78,0.0
18.5,12.9,47.3,21.3,82.93,5.74,0.0
18.1,20.5,26.6,21.32,75.5,6.57,0.0
20.0,27.0,47.1,21.46,78.26,5.87,0.15
26.0,12.6,36.2,22.73,88.15,6.71,1.52
29.3,14.0,37.8,22.55,83.7,6.76,0.01
28.2,19.2,40.7,21.99,84.16,6.24,0.0
20.6,26.9,48.2,22.54,83.17,5.69,0.0
34.1,17.1,25.5,21.49,85.07,5.99,0.0
29.8,20.1,36.9,19.46,84.32,6.54,0.0
26.1,12.7,42.2,19.73,77.13,5.98,0.0
27.2,14.4,43.1,20.89,80.1,5.61,0.0
23.4,27.8,42.3,21.05,83.93,6.22,0.0
20.0,27.4,28.4,20.35,83.04,6.6,0.0
22.1,12.1,32.5,20.39,85.07,6.53,0.0
30.2,27.2,34.0,21.82,80.53,5.73,0.0
15.3,22.2,45.1,22.22,79.86,6.37,0.0
17.3,25.9,32.0,21.1,83.53,5.79,0.0
15.9,19.3,30.3,21.31,82.18,5.78,0.0
15.8,20.2,48.9,21.67,81.51,6.64,0.0
32.1,19.8,25.2,21.87,80.38,5.82,0.0
29.1,22.7,49.9,21.19,84.35,5.84,0.0
24.5,14.2,41.9,22.11,80.37,5.5,0.0
17.0,12.5,45.7,21.5,81.3,6.63,0.13
24.8,16.9,32.4,20.95,88.3,6.53,14.12
24.5,23.3,25.4,19.99,88.31,6.32,2.96
18.5,15.2,43.4,18.17,85.75,6.48,2.26
23.7,22.8,45.9,16.81,80.42,5.7,0.0
23.0,27.5,43.5,16.92,72.88,6.1,0.0
27.3,13.5,28.6,17.07,76.37,5.96,0.0
27.7,22.8,43.8,15.99,76.77,5.62,0.0
15.9,19.1,44.2,14.88,76.81,6.13,0.0
22.5,25.9,41.5,16.25,74.49,6.7,0.0
27.5,14.8,44.2,15.62,74.81,5.55,0.0
25.1,23.1,46.1,16.0,75.95,5.88,0.0
32.1,25.4,40.3,15.56,78.7,5.77,0.0
28.2,27.1,27.2,15.85,79.51,5.81,0.0
18.3,22.9,37.2,17.16,81.7,6.68,0.0
16.4,20.0,26.9,18.07,79.46,6.11,0.0
27.8,21.9,35.2,18.46,78.05,6.11,0.0
15.5,25.9,35.2,17.47,86.86,6.49,0.0
26.7,21.1,26.7,18.44,81.32,5.7,0.0
33.8,12.5,33.7,19.6,80.16,6.13,0.0
26.5,26.9,27.8,19.21,80.56,6.06,0.0
22.8,23.0,45.2,19.16,80.78,6.28,0.0
27.9,22.8,48.7,19.17,81.49,6.8,0.0
24.2,15.5,26.8,18.87,81.2,6.5,0.27
25.9,22.5,48.9,17.75,79.32,6.02,0.06
33.8,18.3,38.1,16.56,78.69,6.58,2.82
22.7,22.4,32.5,15.75,77.91,5.72,4.31
34.2,13.7,26.9,15.09,74.31,5.54,0.0
33.1,22.5,37.5,15.71,74.23,5.77,0.0
18.9,28.0,44.9,16.09,75.02,5.94,0.0
16.4,12.8,42.7,17.18,71.3,6.16,0.0
17.0,27.6,26.3,17.41,81.63,6.3,0.0
15.4,18.5,26.8,17.48,86.05,6.68,0.0
16.9,25.9,35.1,16.84,81.68,6.16,0.0
28.7,24.5,32.4,15.5,77.27,6.15,0.0
16.4,21.1,30.8,15.85,72.39,5.57,0.0
21.4,23.8,32.0,15.57,78.57,5.55,0.0
31.9,26.1,45.1,14.19,74.27,6.22,0.0
15.5,18.5,48.2,14.26,72.89,6.07,0.0
31.3,17.2,35.1,15.02,71.78,6.59,0.0
20.6,22.7,47.7,15.84,76.34,5.71,0.0
17.4,24.9,33.0,15.44,75.3,5.53,0.0
28.9,24.2,36.9,15.47,75.15,6.08,0.0
27.6,24.8,30.7,15.75,73.39,5.81,0.05
32.5,19.0,41.0,15.38,78.13,5.56,0.76
29.7,25.1,49.5,14.27,68.06,6.44,0.34
31.1,13.9,40.1,12.72,68.69,5.65,11.46
20.6,20.7,33.9,13.86,65.58,6.29,0.0
18.5,12.1,41.2,14.34,65.11,5.87,0.0
30.0,17.2,28.1,14.9,57.58,5.73,0.0
31.1,17.9,47.2,14.32,58.96,5.99,0.0
34.8,18.3,37.6,13.8,63.74,6.54,0.0
23.3,23.1,36.2,13.77,62.91,6.01,0.0
22.4,18.2,39.6,14.83,59.39,6.48,0.0
30.5,19.2,40.6,16.21,56.23,5.66,0.0
21.8,15.8,26.8,16.78,58.16,6.5,0.0
33.6,18.0,42.1,18.03,63.14,5.81,0.0
32.2,15.6,31.0,18.36,66.58,6.38,0.0
23.6,13.2,42.8,17.84,71.28,6.24,0.0
30.0,21.7,45.6,16.59,55.35,6.71,0.0
30.1,22.7,45.1,17.59,50.87,6.0,0.0
17.1,21.9,38.8,17.16,66.97,5.59,0.05
33.1,19.4,38.0,18.2,80.02,5.52,0.04
25.1,18.1,28.6,16.46,61.13,6.57,0.0
31.5,25.8,44.4,14.59,56.31,6.18,0.0
21.4,20.3,31.8,15.55,54.74,6.51,0.0
32.9,19.7,37.4,17.2,52.77,5.8,0.0
22.8,12.4,32.1,17.48,51.73,5.95,0.0
15.2,17.5,28.3,19.27,42.96,5.54,0.0
33.1,18.1,40.7,21.05,45.88,6.75,0.0
16.8,18.4,26.4,19.91,73.29,6.37,0.23
21.4,21.3,43.7,20.73,74.4,6.71,0.16
34.0,20.5,32.9,20.32,63.63,5.85,0.0
34.0,21.7,25.0,19.25,55.03,6.29,0.0
26.5,24.2,37.8,20.14,43.76,6.38,0.0
27.6,25.0,26.2,21.04,41.0,5.91,0.0
24.0,23.5,31.9,21.75,53.3,6.6,0.0
20.9,27.3,42.7,22.18,61.04,6.73,0.25
21.6,12.3,26.6,21.41,66.78,6.65,3.1
28.5,15.1,46.0,21.12,55.75,6.46,1.12
30.0,12.1,25.1,19.89,41.28,5.86,0.05
30.8,22.4,31.2,20.81,46.78,5.87,2.77
30.8,26.4,43.5,20.41,50.18,6.75,0.31
16.8,15.9,32.9,20.38,48.4,5.51,0.0
24.9,26.8,27.5,20.95,52.36,6.43,0.0
16.2,13.0,34.0,20.98,52.18,6.42,0.0
26.0,27.0,31.8,22.03,45.03,6.31,0.0
23.8,17.6,46.1,22.77,43.69,6.79,0.0
32.8,13.6,32.8,23.28,46.26,5.91,0.0
22.0,19.8,44.7,23.25,57.6,5.94,0.71
17.3,16.1,47.3,22.59,47.95,5.6,0.0
17.9,16.6,35.8,20.6,40.54,6.08,0.09
30.2,16.9,47.7,21.0,40.25,5.84,0.0
27.4,24.8,34.4,21.41,39.94,5.95,0.0
17.0,20.6,49.1,21.09,41.81,6.58,0.0
16.7,17.0,27.2,21.52,40.26,6.72,0.0
29.0,21.8,42.2,23.29,35.65,5.74,0.0
16.5,23.5,37.3,24.85,33.86,5.98,0.0
31.4,16.4,34.7,24.49,41.61,6.71,0.0
29.1,18.6,40.8,25.54,37.61,5.58,0.0
16.6,14.0,42.6,25.6,38.72,5.62,0.0
16.7,14.9,25.1,26.48,36.09,5.71,0.43
34.7,22.9,29.2,26.16,40.05,6.27,0.99
22.5,14.9,42.8,27.3,36.19,5.7,0.04
22.4,20.4,41.7,25.67,49.0,6.76,1.0
31.3,23.3,49.2,20.85,85.64,6.08,48.61
33.9,13.7,44.0,22.18,72.97,6.15,5.51
34.7,21.1,48.8,22.79,66.93,5.82,3.0
30.1,16.1,42.6,23.7,61.38,6.11,11.25
22.5,27.4,32.5,24.38,64.58,6.36,1.14
16.7,19.7,27.6,25.12,65.99,6.48,3.64
30.5,24.9,44.5,25.26,68.65,6.48,8.94
26.2,20.8,41.1,24.9,64.31,6.25,0.3
23.5,12.7,26.2,25.26,63.72,6.68,0.01
33.1,22.1,34.0,26.94,60.14,6.56,0.0
17.2,27.2,48.9,28.28,61.49,6.48,0.68
24.9,21.6,37.5,29.41,46.77,5.57,1.12
15.2,25.1,35.8,28.53,37.73,5.51,0.36
24.4,26.1,36.4,27.46,37.88,5.78,0.0
16.1,15.6,30.2,27.38,39.29,6.36,0.0
17.4,15.4,34.2,28.84,40.18,6.03,0.0
17.4,21.8,34.2,29.51,40.34,6.02,0.12
28.0,18.6,26.3,30.28,37.17,6.65,0.09
29.9,25.4,44.2,30.15,38.04,6.66,0.0
26.7,26.4,35.4,28.9,38.19,6.68,0.0
34.2,17.7,45.6,28.44,37.98,5.91,0.0
22.5,15.8,46.3,28.72,37.8,6.4,0.0
20.7,24.5,30.3,28.52,40.24,5.85,0.0
32.4,16.4,41.4,29.29,41.46,5.75,0.5
19.5,25.2,36.8,29.99,41.61,5.74,0.05
34.3,18.8,47.0,30.91,40.36,5.94,0.0
15.2,22.7,30.4,32.17,39.06,6.06,0.02
34.4,13.5,41.9,32.77,38.63,6.58,0.0
15.9,22.0,40.2,30.98,45.41,5.66,0.08
32.8,19.2,32.4,30.78,41.02,6.46,0.12
25.6,21.4,28.4,30.85,44.17,6.19,0.0
34.9,14.7,41.3,32.51,33.79,5.87,0.0
16.5,23.8,43.5,33.24,21.7,6.14,0.0
26.1,25.8,32.9,32.15,26.87,5.89,0.0
34.4,15.5,41.1,32.57,28.87,6.27,0.0
25.5,13.5,34.9,33.06,22.68,6.06,0.0
27.6,12.4,42.8,33.15,22.05,5.71,0.0
28.9,22.3,30.0,33.59,22.52,5.65,0.0
24.1,21.7,47.3,33.69,26.27,6.21,0.0
27.6,20.7,32.2,34.57,30.33,6.67,0.0
26.7,15.7,34.2,34.57,21.28,5.95,0.0
33.0,18.3,26.5,35.61,19.47,6.45,0.0
15.9,21.5,27.8,34.83,14.79,6.36,0.0
20.6,19.9,37.9,33.54,12.68,6.71,0.0
34.0,27.8,31.7,31.97,14.14,6.57,0.0
32.8,14.2,45.9,31.53,26.88,6.24,0.0
24.1,23.1,25.4,31.71,45.08,6.35,2.61
27.4,18.5,34.5,30.33,60.03,6.67,1.12
20.5,18.9,33.4,27.92,69.11,6.02,8.43
18.8,23.5,25.5,28.01,62.1,5.92,4.46
24.3,23.1,28.1,27.71,64.06,5.51,5.3
22.1,27.9,35.3,28.39,63.11,6.57,5.26
26.7,14.1,37.3,28.97,67.39,6.54,3.74
16.6,13.7,35.1,29.62,66.56,5.64,4.54
34.5,23.6,38.3,31.1,57.27,6.25,0.96
34.7,21.3,39.9,32.13,53.59,6.1,0.84
29.0,16.4,25.2,32.65,52.22,5.65,0.89
25.7,13.3,36.6,33.2,51.95,6.77,2.32
21.2,13.4,49.1,33.53,42.47,5.78,0.34
31.3,26.3,38.0,33.49,44.86,5.59,0.74
28.7,15.1,41.9,32.17,60.73,6.27,5.63
18.3,17.2,32.8,29.57,73.91,6.46,32.88
33.2,15.6,44.3,30.02,71.1,5.54,12.31
31.5,17.7,44.3,30.25,71.21,6.36,17.76
34.0,13.1,38.0,31.79,63.12,6.19,0.97
29.5,20.3,49.4,33.66,56.2,5.63,0.36
27.3,13.1,28.1,34.22,55.21,5.72,0.01
23.4,24.8,25.4,33.5,63.4,6.24,4.37
33.7,15.7,44.3,29.5,75.91,5.89,14.35
32.3,20.6,45.2,31.56,64.76,6.72,14.59
15.9,26.1,28.0,32.35,74.7,6.56,6.07
15.5,22.4,31.6,31.83,77.06,6.78,14.28
22.5,20.5,25.4,30.71,81.25,5.84,38.21
31.2,17.2,32.3,30.78,76.46,6.76,11.87
34.7,17.3,44.3,30.97,76.37,6.06,12.56
18.0,22.7,37.9,30.37,77.86,5.95,14.97
26.9,27.9,33.7,29.72,81.89,5.57,19.34
22.6,22.6,34.3,29.86,82.25,5.57,26.05
34.4,20.9,25.0,29.92,82.23,6.4,40.05
31.8,23.7,32.5,30.87,73.46,6.1,8.89
31.8,19.4,41.2,30.74,80.11,5.79,10.73
24.4,13.0,49.4,30.34,86.46,6.3,12.58
23.3,21.0,46.2,29.86,88.4,5.83,7.19
20.5,27.3,25.6,30.14,87.24,6.25,11.86
16.1,14.8,47.5,30.18,85.83,5.97,9.71
32.3,23.0,44.6,29.97,85.41,6.57,13.34
31.3,15.2,44.5,29.65,87.85,6.57,13.59
35.0,20.6,36.4,29.59,90.42,6.12,32.04
34.9,13.5,35.0,30.68,85.37,5.96,23.88
26.1,19.2,32.6,30.99,83.26,5.97,18.1
30.4,24.1,26.6,29.73,89.66,6.55,20.38
33.9,17.6,30.7,29.86,88.47,5.93,44.58
32.0,22.6,31.2,28.72,89.32,5.77,22.56
19.9,24.7,37.1,29.2,86.21,5.61,9.56
24.0,26.8,43.7,29.55,85.14,6.11,1.23
17.6,15.8,36.8,29.88,83.56,6.13,1.07
34.1,18.4,26.4,29.62,84.83,6.59,2.02
27.1,14.4,48.9,29.52,85.99,5.79,11.76
19.6,27.9,48.6,29.99,84.91,6.0,4.08
28.4,26.8,44.6,29.4,86.77,6.55,11.42
27.4,20.6,49.8,29.54,86.6,6.57,6.66
22.2,25.5,38.6,29.18,89.16,6.0,15.66
17.3,20.3,49.1,29.49,89.22,6.1,21.65
28.4,22.0,26.9,28.76,89.02,5.89,32.26
25.4,13.4,34.1,29.14,88.75,6.71,62.15
30.4,24.1,30.6,29.0,90.5,5.65,35.68
25.4,14.0,29.9,29.11,89.97,6.71,14.55
32.0,25.2,28.5,28.67,91.49,6.39,56.89
26.0,24.5,40.6,28.63,90.99,6.19,35.14
26.2,23.3,44.5,29.13,87.37,5.54,25.42
32.5,12.6,39.5,29.1,86.48,6.12,12.22
23.1,16.9,28.7,29.05,87.49,6.03,5.35
17.7,16.2,45.3,28.61,91.63,5.71,18.15
15.6,17.8,40.9,29.23,90.75,6.35,28.1
30.1,13.4,34.7,29.36,88.0,6.76,57.52
27.4,27.0,41.9,29.54,85.47,6.23,21.07
29.1,20.9,31.5,29.59,87.33,6.43,12.56
19.3,16.9,33.6,29.78,88.01,5.59,2.13
17.7,18.4,47.9,29.33,88.83,6.04,5.79
15.3,19.2,32.3,29.84,86.88,5.65,3.45
22.0,21.6,36.7,30.73,81.67,6.3,1.12
26.8,20.3,47.3,30.49,86.05,6.72,1.34
22.8,26.7,42.7,29.52,88.95,6.36,6.13
23.7,20.0,26.6,29.42,88.38,5.6,1.44
33.1,27.9,28.7,29.47,88.8,5.96,3.64
22.0,25.6,25.2,29.19,88.09,6.22,1.94
25.3,15.3,40.8,29.73,87.27,6.02,2.07
30.7,26.9,36.2,30.26,87.38,6.58,1.47
22.9,13.9,28.4,30.99,85.57,6.56,0.83
27.4,25.1,48.9,30.26,87.61,6.3,0.62
32.2,18.1,38.2,30.28,85.77,5.99,2.35
34.0,26.0,31.0,29.47,87.89,5.83,0.62
17.9,25.9,37.5,29.52,89.34,5.64,1.07
33.5,24.9,42.0,30.12,86.29,5.96,1.41
24.8,24.6,26.9,29.21,86.61,6.04,5.13
20.2,16.9,31.9,27.44,92.94,6.38,46.29
24.2,13.3,45.2,27.4,92.45,6.36,41.46
34.6,18.4,36.5,28.47,88.8,5.59,12.19
24.9,14.8,38.7,28.91,88.79,6.01,13.25
21.6,23.1,35.8,28.66,89.62,5.74,12.68
27.7,17.5,26.1,28.86,88.57,5.7,12.69
19.8,27.6,29.1,28.55,88.35,6.58,11.15
16.5,22.3,36.1,28.66,87.6,5.55,10.76
17.6,25.2,30.2,29.07,88.11,6.04,20.54
17.6,14.1,26.2,28.89,88.01,5.72,9.08
18.0,25.8,46.1,28.42,89.76,6.64,15.39
17.8,26.8,49.5,28.84,89.49,6.22,6.92
27.8,19.8,44.8,29.48,86.66,5.8,3.32
18.6,21.7,46.3,28.8,90.49,6.15,4.89
21.9,24.2,31.0,29.2,88.25,6.45,7.5
32.9,14.8,49.0,29.51,84.03,6.75,4.83
24.5,20.0,29.9,29.07,84.34,5.79,3.46
28.4,18.4,48.8,28.24,88.08,6.65,2.98
18.4,14.3,49.9,27.88,89.65,6.71,2.63
18.8,17.9,42.8,27.76,90.09,6.69,2.5
15.8,13.1,49.5,27.52,90.11,6.33,3.95
18.4,12.4,39.2,27.61,92.31,6.32,20.97
20.6,14.2,31.5,28.52,89.13,6.02,1.2
18.5,27.4,35.9,26.96,91.74,6.48,3.41
16.8,20.8,39.8,26.53,90.57,6.19,1.33
17.4,27.5,26.8,27.75,88.63,6.38,0.54
24.2,18.9,40.6,27.97,87.01,6.06,1.55
19.1,17.0,49.5,28.48,82.89,6.45,2.87
22.3,20.1,29.8,29.32,85.1,6.57,4.45
25.1,19.0,44.8,28.98,86.5,5.69,7.27
28.8,13.7,47.7,28.36,88.96,6.58,21.51
15.8,22.3,48.6,29.12,84.93,6.2,1.75
31.0,15.5,49.0,28.64,87.32,6.6,9.43
27.6,21.9,38.0,28.46,87.29,6.06,7.7
16.6,22.4,49.4,27.71,89.85,5.99,24.13
32.5,14.4,43.9,29.18,83.76,6.69,3.17
33.4,13.0,29.0,29.72,79.39,5.83,1.01
16.2,24.5,36.9,30.04,83.5,6.6,2.78
20.5,19.4,43.0,29.33,85.8,6.13,0.64
31.1,12.9,31.2,28.91,89.91,6.17,0.5
30.0,27.9,41.0,29.0,89.38,5.9,2.44
18.7,12.9,41.7,29.94,83.85,6.24,1.76
19.2,23.1,29.1,30.13,83.07,5.92,9.78
22.4,27.7,39.1,27.83,91.19,5.55,22.1
24.7,15.8,44.3,27.16,89.57,5.85,8.83
27.4,14.3,37.5,26.35,91.42,5.51,18.53
22.4,13.9,25.3,28.48,84.66,6.77,0.12
24.3,16.9,25.2,29.52,80.94,6.76,0.23
29.9,13.6,33.9,29.58,84.33,6.01,0.0
15.7,23.1,48.2,29.84,84.74,6.45,0.0
20.0,13.0,30.7,30.2,83.45,5.95,2.45
29.3,20.2,40.9,29.63,84.47,6.37,7.1
32.9,27.9,30.6,30.83,77.69,6.55,1.53
25.2,25.0,33.0,28.69,91.06,6.73,20.84
25.6,21.8,46.2,26.92,95.05,6.02,66.45
17.1,16.9,43.2,26.07,94.35,6.52,102.84
23.9,22.0,27.4,26.05,92.62,5.85,62.84
25.7,20.4,35.7,27.61,90.37,6.79,20.09
19.8,18.8,25.7,28.01,90.85,5.53,9.05
20.4,14.1,37.0,28.33,90.97,6.28,5.16
22.5,26.2,41.6,28.5,90.4,6.36,3.25
15.4,19.2,28.0,28.57,86.97,6.39,1.71
21.4,15.1,32.2,27.47,92.33,5.66,13.83
19.2,17.9,34.9,27.12,91.54,6.72,10.92
21.5,18.6,48.0,26.62,93.38,5.74,7.67
17.4,25.2,49.8,26.0,93.2,6.31,14.44
32.8,23.7,26.1,26.84,89.67,5.79,6.51
26.9,24.3,44.0,26.56,90.4,5.9,4.07
28.6,12.2,34.3,26.44,92.08,6.21,3.57
30.8,18.7,34.8,26.9,90.6,6.04,1.35
25.0,19.7,43.9,26.97,88.44,5.71,0.58
16.7,12.3,48.0,26.31,86.46,5.72,0.25
25.7,16.2,48.8,26.12,85.74,6.04,0.63
26.7,24.2,39.4,26.43,83.97,6.48,1.59
29.9,14.2,33.9,25.95,85.02,6.67,10.35
23.6,20.6,44.7,25.9,84.28,5.61,0.58
17.6,15.4,31.3,25.36,89.84,6.01,9.07
20.7,12.2,39.1,25.25,89.88,5.63,1.92
22.3,15.9,34.0,25.55,84.42,5.52,1.03
27.9,27.6,41.4,24.54,86.4,6.36,1.22
26.4,24.8,31.0,24.7,86.91,6.28,0.01
22.1,27.4,29.8,25.44,87.04,5.71,0.02
34.7,19.8,48.0,25.97,88.47,5.8,3.49
27.1,13.8,27.5,24.6,93.0,5.53,7.24
19.7,20.8,37.6,24.2,91.56,6.59,7.67
17.0,19.3,30.5,25.15,90.64,6.77,13.16
18.1,25.5,26.0,26.23,83.64,5.68,0.15
19.9,13.6,25.9,26.33,83.62,5.8,0.0
18.2,19.8,29.4,26.34,88.92,6.63,0.79
18.7,14.4,46.7,26.53,88.13,6.7,0.4
20.7,17.2,32.1,25.98,85.71,6.05,0.95
18.5,23.8,48.8,25.17,86.47,5.57,1.58
32.9,19.6,39.5,24.34,88.36,5.55,0.16
16.6,18.0,35.9,24.34,83.79,6.25,0.0
25.5,18.3,39.5,23.84,83.07,6.01,0.0
23.2,19.4,37.9,23.79,87.61,5.54,0.0
34.6,24.6,44.0,24.1,86.85,6.26,0.33
17.2,26.3,32.1,24.03,84.58,5.51,0.3
23.0,27.3,33.8,23.29,87.04,6.52,0.07
34.4,24.6,47.4,22.26,88.09,5.9,0.0
32.3,17.0,48.7,22.25,85.91,5.55,0.0
31.3,23.0,47.3,23.03,83.26,6.26,0.0
20.2,19.0,35.5,23.07,80.19,6.02,0.0
18.4,16.1,44.5,22.77,81.35,6.77,0.0
28.4,25.5,36.9,22.68,80.68,6.21,0.0
33.6,12.6,37.4,21.67,82.38,5.86,0.0
26.1,26.4,30.1,21.04,79.14,6.42,0.0
26.4,19.4,39.8,20.23,74.44,5.85,0.0
20.6,22.2,29.7,20.82,77.09,6.68,0.0
30.4,22.5,33.3,21.02,86.09,5.99,0.0
18.7,26.3,46.4,20.18,84.12,6.21,0.0
21.5,22.2,30.2,20.79,80.2,5.57,0.0
23.5,21.8,26.8,20.52,84.65,6.05,0.0
25.2,13.1,26.7,20.58,82.68,6.58,0.0
19.8,20.3,48.5,19.39,76.97,6.55,0.0
17.3,14.4,37.7,19.71,75.73,5.79,0.0
27.2,23.8,35.2,18.94,84.58,5.79,0.0
20.8,20.2,45.3,19.1,87.42,6.56,0.0
26.6,22.9,45.9,19.05,85.67,6.71,0.0
18.1,12.7,33.3,18.36,83.21,5.62,0.0
24.6,13.4,42.3,17.61,78.78,6.09,0.0
25.7,23.5,44.3,17.33,78.85,5.94,0.0
16.0,13.2,41.4,17.84,80.29,6.63,0.0
21.7,13.1,28.8,19.01,78.55,5.61,0.0
17.7,12.2,46.9,18.07,77.54,5.77,0.0
16.3,27.3,38.5,17.83,81.46,6.48,0.0
34.8,23.8,32.1,16.91,76.04,5.57,0.0
21.4,17.7,35.6,16.89,73.79,6.14,0.0
31.2,16.7,25.9,16.85,81.26,6.07,0.0
20.1,17.6,28.2,17.11,85.79,5.93,0.02
28.6,24.4,44.1,17.98,81.02,6.01,0.0
30.2,22.6,25.0,16.21,78.66,6.19,0.02
26.9,15.0,35.4,15.64,81.84,5.71,0.0
24.4,14.8,38.1,15.84,78.3,6.24,0.0
23.2,13.6,26.4,15.33,79.65,6.55,0.0
22.0,22.6,49.3,15.72,83.5,6.49,0.0
33.6,24.2,30.7,16.13,79.97,5.7,0.0
31.6,16.2,32.6,15.72,79.13,5.69,0.0
34.3,12.3,32.6,15.74,79.82,5.85,0.0
17.5,13.3,30.8,16.44,83.29,5.97,0.0
29.6,27.5,25.0,17.55,80.53,6.03,0.0
33.8,16.7,43.2,17.67,81.75,6.38,0.0
18.6,24.3,49.2,17.54,82.15,5.57,0.0
16.3,22.0,30.6,16.5,81.7,5.55,0.0
29.8,18.1,41.6,16.7,78.07,6.01,0.0
26.5,15.3,43.5,17.16,77.33,6.41,0.0
31.8,13.9,46.2,17.16,81.11,5.75,0.0
17.8,21.8,35.6,17.02,81.91,6.33,0.0
30.9,24.4,32.6,17.29,80.42,5.84,0.0
19.0,22.3,33.1,18.74,77.12,6.65,0.0
18.3,20.5,42.8,18.8,82.33,6.66,0.0
18.3,12.7,45.4,16.26,76.86,5.89,0.0
31.3,27.5,29.5,15.59,80.35,5.8,0.0
28.3,24.8,34.3,15.45,76.11,6.03,0.0
25.5,16.7,47.5,15.82,79.78,5.81,0.0
22.2,27.7,45.2,17.08,77.38,6.37,0.0
32.5,21.6,49.6,17.57,81.15,6.57,0.0
22.8,21.3,43.9,19.3,76.19,6.38,0.0
31.3,24.0,34.8,19.15,78.35,6.57,0.0
23.8,25.0,39.8,15.33,73.14,6.02,0.0
22.5,22.5,41.5,15.25,72.7,5.7,0.0
24.3,14.0,27.0,15.27,75.52,6.46,0.0
21.0,17.4,38.6,16.62,78.29,5.97,0.0
30.0,26.8,42.7,17.39,75.6,6.37,0.0
25.1,15.6,29.2,18.05,70.11,5.85,0.01
19.6,18.0,44.5,17.32,72.79,5.61,0.0
33.0,18.9,39.6,16.29,79.4,6.79,0.0
22.7,19.0,48.8,17.43,76.88,5.7,0.0
25.9,21.8,26.1,18.53,73.14,6.78,0.0
33.1,27.1,31.6,18.0,68.7,6.77,0.0
27.5,15.9,40.0,17.0,65.05,6.53,0.0
17.3,13.9,32.4,16.75,61.98,6.36,0.0
33.8,15.2,42.9,16.83,66.24,6.25,0.0
27.6,26.2,44.0,16.98,71.84,6.63,0.0
21.7,22.3,27.6,16.79,68.52,5.88,0.0
17.8,16.6,37.8,17.39,62.68,6.11,0.01
30.9,25.1,37.7,16.6,63.07,6.31,0.0
27.4,25.8,34.2,16.15,68.2,6.03,0.0
25.7,25.5,48.3,17.84,65.92,6.06,0.0
32.9,26.7,45.7,17.98,61.26,5.93,0.0
30.8,16.0,42.4,17.67,56.22,6.23,0.0
18.0,24.1,42.9,18.71,66.76,6.61,0.26
21.2,19.4,36.5,18.57,65.11,5.76,0.0
20.0,25.5,48.0,18.17,65.43,6.71,0.0
29.9,23.7,42.4,18.96,63.19,6.4,0.0
15.7,24.4,43.2,18.76,59.15,6.57,0.0
26.4,22.5,46.5,18.58,66.0,6.22,0.0
30.2,14.8,31.9,19.86,60.07,6.51,0.0
32.5,20.7,45.2,19.82,60.22,5.52,0.0
21.8,27.8,29.9,17.33,45.77,6.56,0.0
31.4,27.0,33.6,16.73,46.35,5.55,0.0
17.2,12.7,33.4,18.47,47.28,6.66,0.0
31.9,14.6,49.5,19.21,46.04,6.79,0.0
17.5,14.1,46.4,19.68,46.76,5.88,0.0
22.9,23.6,42.5,19.75,56.26,5.77,0.0
30.9,25.1,43.2,19.41,51.13,6.49,0.0
18.0,15.4,39.1,18.64,39.24,5.83,0.0
19.6,20.1,48.7,17.81,47.0,6.63,0.0
29.4,25.5,37.4,18.2,55.5,5.63,0.01
29.4,23.7,34.5,19.85,57.14,5.66,0.0
27.8,20.7,29.1,21.37,56.02,6.77,0.0
28.9,21.4,44.7,21.66,53.7,6.38,0.0
25.9,20.1,43.4,21.39,56.79,6.6,0.0
20.0,16.8,34.6,21.87,61.78,5.92,0.0
21.9,21.0,25.6,23.49,54.21,6.38,0.0
18.6,23.0,46.0,20.86,71.39,6.27,11.94
33.2,26.0,25.3,21.89,62.85,6.28,0.02
26.7,22.2,42.6,22.13,49.41,6.39,0.1
23.0,24.2,49.3,21.15,53.75,6.25,0.0
24.2,14.6,35.9,22.5,51.74,6.06,0.0
33.9,19.4,30.9,23.17,49.41,5.86,0.0
18.1,12.1,42.6,24.12,53.36,6.5,4.55
26.7,15.9,45.4,24.63,49.65,5.79,0.61
25.1,23.6,38.7,23.24,44.73,6.4,0.0
27.2,27.9,49.2,22.64,41.39,5.8,0.0
15.4,13.6,26.3,23.0,40.8,6.31,0.0
32.4,18.4,37.6,22.03,37.35,6.47,0.0
33.6,24.8,43.0,21.78,43.7,5.78,0.0
26.3,15.3,46.6,22.0,47.58,5.58,0.0
28.9,20.9,29.5,22.28,52.15,5.67,0.1
33.4,23.7,45.0,24.14,53.32,6.29,0.0
29.1,21.9,38.8,25.4,50.98,6.6,0.0
18.1,15.0,34.9,25.69,48.05,5.56,0.12
26.5,17.7,28.3,25.29,55.2,6.45,0.68
27.1,24.5,46.6,26.7,50.61,5.94,0.0
23.5,20.9,28.9,28.66,37.23,6.12,0.0
29.7,12.1,32.7,28.45,41.41,6.71,0.0
33.7,24.2,32.3,29.13,37.62,5.93,0.0
33.5,12.6,46.8,27.23,33.71,6.1,0.0
24.0,23.9,41.8,26.18,31.94,5.52,0.0
17.3,15.2,44.9,26.23,38.49,5.61,0.0
34.7,27.3,31.3,24.28,53.93,5.84,0.77
31.8,17.9,40.6,24.19,66.56,5.54,0.91
17.5,17.2,39.3,24.82,59.16,6.32,0.82
33.4,14.4,45.8,25.4,52.4,6.05,0.0
32.4,16.9,47.7,27.11,41.68,6.21,0.0
25.4,26.0,25.3,28.1,39.59,5.73,0.0
26.8,27.9,41.9,28.32,39.2,5.88,0.0
23.0,17.9,26.3,28.85,39.6,6.36,0.0
16.1,19.2,38.7,29.61,34.72,6.75,0.0
21.7,23.6,32.2,28.47,21.73,5.57,0.0
31.1,26.2,32.7,28.13,26.05,6.66,0.0
15.1,21.5,33.8,28.11,34.92,6.25,0.0
21.7,18.3,40.5,29.16,31.7,6.23,0.0
23.0,18.6,33.4,29.46,28.39,6.15,0.0
25.7,23.1,43.3,30.12,21.73,5.59,0.0
33.4,12.1,35.1,30.17,29.17,5.62,0.03
21.9,21.9,26.7,30.0,38.6,6.28,0.01
21.9,17.7,44.6,29.87,44.69,5.94,0.29
29.8,24.7,32.1,30.09,48.37,6.69,0.3
24.0,13.5,35.8,30.25,50.0,6.03,2.09
19.5,21.4,42.1,27.71,62.47,5.69,13.16
24.0,19.7,33.3,26.68,67.7,6.43,9.43
17.8,22.3,26.4,28.59,58.87,5.88,3.5
18.5,13.0,34.3,26.36,71.76,6.18,33.14
25.0,21.3,48.6,27.48,64.78,6.41,1.74
23.4,21.0,41.0,28.95,55.45,6.67,0.5
33.3,21.0,41.8,28.39,59.17,6.53,7.05
22.2,21.7,40.8,26.75,72.23,6.38,18.86
26.6,22.8,30.0,26.21,74.51,6.38,5.02
27.6,24.9,35.5,27.82,65.41,6.73,0.28
15.3,16.3,43.8,28.85,65.48,5.88,4.23
28.3,25.2,27.5,30.38,68.64,5.5,6.74
18.6,20.0,31.9,31.07,67.24,5.85,6.62
34.2,13.2,31.9,30.95,48.9,5.78,3.29
18.0,12.9,35.8,29.73,40.34,6.36,0.12
23.3,17.3,49.5,30.26,45.93,6.32,0.03
16.7,24.6,26.7,30.31,51.25,6.27,0.95
34.9,23.3,38.0,29.6,62.06,5.52,4.24
25.0,24.6,29.5,27.28,72.12,6.45,19.34
26.9,20.3,49.3,26.14,71.22,5.92,6.0
16.3,19.0,27.8,27.12,66.51,6.36,0.18
30.0,14.4,35.1,27.36,66.5,6.22,0.78
19.2,17.3,43.4,27.05,68.18,5.95,0.61
33.0,18.9,42.6,28.47,60.99,5.67,0.27
19.1,13.4,35.6,29.07,63.95,5.62,3.52
18.8,15.5,33.7,28.82,66.64,6.58,11.77
15.7,21.6,34.9,28.48,66.11,6.69,10.24
24.4,23.8,31.6,29.41,59.32,6.34,0.0
26.3,28.0,30.1,31.46,49.65,5.63,0.22
16.3,26.9,37.1,32.44,48.85,6.02,0.55
30.5,22.3,31.7,32.57,48.57,6.45,0.01
24.1,18.7,32.2,33.02,47.16,6.51,0.16
25.5,22.2,41.4,30.25,67.23,5.65,10.27
23.8,24.6,49.2,30.96,64.88,5.5,5.18
23.0,13.9,40.1,31.32,64.26,6.43,5.56
26.2,18.6,26.9,30.77,70.46,5.96,14.51
18.1,25.4,26.9,30.46,71.57,5.83,8.99
18.6,18.1,48.8,29.56,76.86,5.52,26.41
32.2,21.1,32.4,28.67,80.05,6.2,33.44
33.9,21.4,27.3,28.19,82.25,6.61,46.56
22.5,15.0,40.0,29.06,81.36,6.74,23.32
20.4,17.8,40.6,29.18,82.57,6.24,19.57
27.9,17.4,41.2,28.92,81.71,6.17,17.99
23.2,12.4,31.7,28.31,82.53,5.61,16.45
15.5,12.4,25.4,28.3,81.15,6.21,3.7
18.1,25.3,49.1,27.11,87.06,5.99,21.95
29.3,16.4,31.3,26.84,89.74,6.29,23.19
28.2,20.3,41.9,28.52,83.42,6.01,4.64
15.5,16.8,42.7,29.52,82.45,5.81,3.47
19.4,27.1,40.3,28.28,87.16,5.62,28.3
19.6,16.1,32.8,27.75,82.01,5.91,8.3
28.4,18.9,31.8,29.7,83.59,5.63,10.81
15.4,26.0,39.9,29.9,80.78,5.73,28.81
17.1,25.5,46.7,30.12,75.76,6.78,17.57
31.0,15.0,48.7,28.99,79.59,6.08,20.5
18.6,24.8,27.6,28.51,84.14,6.19,28.94
28.1,19.3,28.9,28.62,77.73,6.64,3.36
19.8,19.7,48.6,29.19,74.12,6.79,2.26
17.0,14.1,43.4,28.7,77.83,6.26,0.63
19.9,13.3,47.1,28.95,77.55,6.56,0.45
29.4,23.6,30.1,29.47,77.07,5.93,1.0
32.1,19.9,39.7,30.35,79.04,5.9,0.04
31.6,19.0,42.5,30.09,82.07,6.02,0.71
22.9,23.7,42.0,30.16,82.48,6.37,1.26
28.4,24.2,35.2,30.76,79.03,6.39,0.81
19.1,14.5,25.4,30.48,80.1,5.91,1.73
20.9,21.8,39.6,29.64,84.0,5.67,5.4
32.9,14.2,31.3,28.69,86.83,6.32,12.2
15.3,24.0,36.3,28.53,88.23,5.67,9.98
16.7,22.5,48.9,28.4,88.83,6.25,13.99
19.2,27.3,35.0,28.4,87.37,6.4,14.07
15.5,13.1,46.0,28.58,89.2,6.41,22.83
18.6,12.9,29.7,29.6,84.35,6.48,9.55
26.7,16.5,41.8,29.52,85.26,6.63,5.23
23.4,16.2,49.4,28.57,87.96,6.15,20.5
32.9,16.0,27.5,28.42,89.68,6.45,42.26
31.3,26.5,25.2,28.67,88.13,6.3,4.06
21.8,16.0,35.8,29.11,86.9,5.74,3.62
20.2,16.4,27.3,29.25,86.11,5.53,2.49
22.6,24.2,43.7,29.09,85.42,5.87,1.11
26.8,19.2,47.9,29.43,85.35,6.08,0.86
20.4,24.4,35.9,29.22,86.22,6.3,2.09
27.5,13.0,31.5,29.38,85.82,6.6,9.29
23.2,19.8,35.9,28.49,88.12,5.76,10.1
26.0,12.5,43.1,29.26,86.68,5.66,9.12
23.7,13.0,25.2,29.09,88.92,6.75,8.87
20.9,26.5,39.7,28.98,86.92,5.64,5.15
34.0,14.2,40.3,28.08,89.83,6.12,1.74
30.3,20.5,40.9,27.77,88.31,6.26,1.4
17.8,18.6,31.1,28.19,85.1,6.2,3.79
32.4,17.6,42.9,28.04,86.79,5.61,9.65
24.7,26.4,27.3,28.1,87.01,5.57,7.35
32.9,12.3,30.0,28.91,85.29,5.64,0.82
31.0,22.6,46.9,29.73,83.65,6.26,0.08
23.5,27.4,43.5,30.26,81.25,6.21,3.91
15.4,21.0,25.3,28.02,89.63,5.8,25.06
20.4,27.0,31.2,27.75,89.64,6.33,23.53
25.8,12.8,30.4,27.59,91.21,6.57,30.09
27.7,18.7,31.8,28.22,86.95,5.55,15.28
20.2,16.2,31.2,29.25,85.66,6.15,5.38
17.8,23.7,26.6,29.39,86.31,6.4,11.46
31.7,27.7,36.5,28.81,86.64,5.83,35.36
34.7,16.1,43.3,29.77,81.69,5.9,10.25
25.5,22.5,40.2,29.93,84.31,6.3,3.84
18.4,15.2,41.8,30.9,80.82,6.67,0.09
20.4,21.0,27.0,31.09,81.66,6.55,4.78
15.4,19.4,48.8,29.69,87.12,6.26,4.62
33.3,27.6,46.0,29.31,86.73,6.45,6.45
17.4,21.7,45.1,29.49,86.03,5.97,24.17
26.5,17.6,45.6,28.1,91.2,6.33,22.18
20.5,13.8,48.3,28.71,89.07,6.11,15.81
26.1,14.4,38.6,28.69,88.13,5.75,6.08
28.0,15.6,30.0,28.55,86.71,6.41,14.34
31.6,16.0,40.4,29.11,86.97,6.22,23.32
19.1,25.6,43.6,28.35,93.95,5.97,24.49
15.2,21.0,43.4,28.25,91.45,6.68,46.37
17.7,20.4,38.0,28.26,90.74,5.53,32.17
33.0,13.8,26.7,27.24,90.95,5.91,29.28
32.5,25.8,34.3,27.79,86.63,5.57,11.82
26.9,23.6,48.0,28.66,87.76,6.5,15.16
27.0,13.1,39.6,28.14,91.83,6.41,23.73
28.3,23.3,38.5,27.68,89.11,5.93,16.15
18.5,20.7,31.7,28.24,91.15,6.38,16.73
33.3,13.3,34.2,28.67,90.93,6.01,32.38
23.4,19.3,47.4,29.71,87.64,6.48,21.15
22.7,19.8,41.7,27.4,93.12,6.09,45.35
25.4,14.7,44.7,27.41,89.4,6.04,8.92
15.9,27.1,36.4,28.17,88.44,6.72,2.56
18.3,25.6,40.8,29.09,84.58,5.83,6.61
29.8,22.7,31.2,28.6,88.62,5.66,10.03
16.7,19.4,42.6,28.3,90.04,6.26,17.26
27.1,18.6,35.7,28.2,90.39,6.76,3.53
19.9,22.4,36.1,28.07,90.21,5.99,7.13
22.8,20.7,41.2,28.16,89.1,5.58,10.9
20.8,13.0,48.4,28.16,90.11,5.94,13.95
22.1,20.2,26.6,28.01,91.19,6.16,9.06
29.4,24.9,45.6,27.94,89.46,5.71,10.68
20.9,19.3,32.3,28.05,89.68,6.36,4.27
26.3,12.8,36.1,28.59,86.0,6.8,0.79
24.5,24.6,25.5,28.53,87.05,6.09,7.37
28.3,15.2,32.5,28.36,88.34,5.96,7.62
33.7,16.1,37.6,28.04,89.32,6.02,18.02
29.7,14.6,26.4,28.26,87.75,5.65,3.31
19.3,17.3,37.3,29.13,81.9,6.65,4.91
15.6,24.1,48.2,29.41,84.53,6.04,1.29
20.2,20.3,27.6,28.5,90.14,6.0,12.96
26.9,15.3,44.1,28.83,86.44,6.36,5.45
16.0,26.0,35.2,28.19,88.46,6.07,2.81
24.9,26.1,41.4,28.15,87.99,6.34,1.81
26.9,25.9,31.5,28.63,86.25,5.58,1.29
21.7,15.8,29.0,28.25,86.83,6.56,1.64
30.4,19.2,29.0,28.19,86.19,6.72,7.5
17.1,27.8,26.8,28.14,87.54,6.34,9.07
16.5,24.4,29.6,27.83,92.4,6.74,15.32
29.6,12.4,41.6,28.39,88.23,5.7,9.37
24.9,13.0,47.0,28.41,88.48,6.12,12.53
28.8,19.4,45.4,28.0,89.34,6.28,16.88
23.7,26.5,42.1,27.18,92.37,6.26,39.11
19.9,20.6,27.8,26.8,90.76,6.02,48.73
31.4,20.0,32.2,27.22,90.03,5.94,22.12
31.0,13.7,32.7,27.41,89.9,5.66,17.43
28.9,22.5,31.2,27.98,87.48,6.01,16.45
20.4,25.2,37.9,28.62,83.64,5.71,12.5
26.8,18.1,38.4,28.54,86.15,6.45,6.56
22.2,24.4,33.9,28.55,85.72,5.77,1.76
16.8,27.4,33.8,28.85,85.74,5.58,3.11
33.3,15.3,45.7,28.09,89.38,6.22,3.46
17.7,20.4,44.7,28.77,85.6,6.27,0.12
34.0,16.6,32.7,28.82,85.06,6.63,0.03
23.9,24.7,47.8,28.41,90.23,6.25,0.02
18.7,21.2,48.8,27.8,89.56,5.95,0.94
25.8,22.2,33.2,28.14,82.37,6.54,0.35
32.5,24.8,33.9,28.55,81.49,6.2,1.41
29.6,18.3,37.6,28.57,84.73,5.6,10.36
31.1,26.6,48.5,27.47,90.25,6.24,16.25
28.2,20.5,46.9,26.48,93.88,6.68,16.18
28.8,14.5,27.6,26.66,93.86,6.02,13.47
32.0,23.1,34.8,26.88,94.88,5.89,35.54
20.0,24.7,38.8,26.55,94.14,5.69,53.56
24.8,17.1,37.6,26.22,84.67,5.7,4.71
19.4,25.7,29.8,26.73,81.53,6.06,1.56
34.8,26.5,46.5,27.08,82.87,6.27,4.51
33.9,16.4,41.9,27.18,81.02,5.6,1.68
15.8,27.7,45.9,26.42,86.13,6.72,0.49
29.1,14.3,46.5,25.33,86.39,6.48,0.06
33.5,15.2,43.7,25.18,88.16,6.26,0.04
18.6,14.9,36.0,24.33,87.66,6.58,0.0
26.4,26.3,40.3,23.68,84.64,5.6,0.0
33.3,22.5,29.0,24.01,82.81,6.12,0.0
15.7,14.4,41.8,25.52,82.05,6.32,0.0
28.9,19.0,29.5,26.25,79.98,6.58,0.0
20.9,21.8,42.3,26.45,81.74,6.52,0.0
33.5,13.3,30.7,26.0,83.39,5.86,0.0
34.4,26.1,27.9,25.88,82.16,6.72,0.0
33.9,24.9,29.1,26.07,79.64,5.66,0.0
24.5,20.1,25.0,26.02,75.48,6.64,0.0
32.2,27.5,43.0,25.87,76.8,6.76,0.0
31.9,18.7,43.3,25.55,79.62,5.73,0.0
21.4,27.7,37.9,25.63,81.8,6.44,0.0
31.6,22.7,29.0,25.86,83.14,5.55,0.0
15.7,22.2,27.1,25.64,84.26,6.03,2.44
26.9,14.7,25.5,25.73,79.67,6.17,1.09
19.6,26.1,29.1,25.38,81.64,6.25,1.52
17.4,18.8,47.3,23.81,92.63,6.72,10.5
16.5,14.6,31.0,25.12,90.61,6.37,32.77
28.9,12.2,33.9,25.45,94.34,6.13,47.41
21.8,21.0,27.6,23.89,90.92,6.55,2.74
29.5,20.4,30.6,23.91,82.57,6.74,0.35
16.3,23.5,38.0,24.02,81.57,5.53,0.02
21.3,26.2,40.2,23.61,84.69,6.78,0.0
25.8,13.3,31.1,23.86,83.93,5.61,0.03
30.8,23.7,26.4,23.01,85.99,6.56,0.0
21.4,15.0,34.8,20.91,85.84,5.86,0.0
27.5,25.7,30.9,20.54,86.72,5.67,0.0
32.7,25.1,30.5,19.89,86.33,6.07,0.0
27.3,20.7,49.0,18.33,84.28,6.34,0.0
19.7,23.4,40.4,18.61,80.32,6.0,0.0
15.5,17.0,38.9,19.41,78.94,5.57,0.0
32.4,19.5,35.4,19.58,82.03,6.28,0.0
15.4,25.1,35.7,19.71,79.96,6.67,0.0
32.5,19.3,38.5,20.34,79.51,6.0,0.0
25.6,17.7,42.4,19.91,86.13,5.78,0.0
33.8,19.9,42.6,20.18,84.28,6.08,0.0
31.0,25.3,29.3,20.51,80.25,5.56,0.0
35.0,17.4,37.5,20.73,76.79,6.57,0.0
22.0,14.8,35.3,20.16,75.55,6.57,0.0
30.3,23.4,46.8,18.88,83.45,6.26,0.0
23.0,25.2,40.8,19.06,83.14,5.96,0.0
24.6,13.6,38.3,18.82,83.83,6.54,0.0
27.6,15.8,27.9,18.32,85.53,6.22,0.0
32.5,14.3,40.1,18.86,82.87,6.57,0.0
34.7,17.6,27.9,19.29,84.62,6.32,0.0
30.4,19.2,33.4,20.44,84.06,6.52,0.0
23.4,24.0,28.6,18.97,85.25,6.28,0.0
23.4,22.4,42.3,18.49,84.24,6.04,0.0
29.8,21.9,30.2,17.2,86.21,6.75,0.0
19.8,17.6,34.8,17.31,81.08,6.2,0.0
17.2,25.5,47.4,16.99,81.02,6.29,0.0
22.1,19.5,30.1,16.93,81.8,5.79,0.0
20.7,27.7,37.7,16.03,82.05,6.31,0.0
20.9,22.1,35.5,15.74,80.96,6.24,0.0
19.7,14.0,25.5,15.83,82.39,5.74,0.0
15.8,22.8,44.8,17.14,78.95,5.58,0.0
15.4,17.2,26.7,17.58,81.44,6.29,0.0
34.8,23.0,36.9,16.93,82.39,6.49,0.0
23.6,13.1,39.0,16.86,78.07,6.18,0.0
22.7,14.8,40.7,17.91,78.67,5.79,0.0
28.6,25.7,42.2,17.65,77.75,6.37,0.0
19.4,15.6,31.3,17.4,81.02,5.6,0.0
34.0,25.4,25.2,17.46,81.21,6.07,0.0
30.7,16.5,43.1,17.32,80.67,5.71,0.0
16.8,22.3,38.4,17.08,82.03,5.74,0.0
23.4,23.1,45.9,17.04,80.79,5.76,0.0
32.6,20.2,45.5,15.95,84.32,6.0,0.0
33.9,16.9,46.1,15.33,84.98,5.57,0.0
24.3,15.4,37.1,16.16,82.75,6.02,0.0
27.3,12.5,33.3,16.23,83.68,6.17,0.0
18.3,16.9,44.8,15.05,84.31,6.13,0.0
34.8,22.5,36.3,14.63,84.27,6.0,0.0
19.6,27.0,29.6,14.78,82.86,6.59,0.0
33.9,25.9,46.4,15.45,84.25,5.69,0.0
28.0,24.3,47.1,15.21,85.03,6.16,0.0
27.2,24.6,36.7,14.35,84.58,5.58,0.0
25.3,22.6,26.9,13.67,85.43,5.59,0.0
19.6,16.2,34.7,12.55,83.68,6.25,0.0
18.5,26.5,45.1,13.46,81.42,6.24,0.02
